Workbook

Sheet Inventory
A1: LOYIHA YAKUNIY INVENTARIZATSIYASI / PROJECT CLOSURE INVENTORY
A2: Loyiha / Project: | B2: Qishloq xo'jaligini modernizatsiya qilish loyihasi / Agricultural Modernization Project
A3: Buyruq raqami va sanasi / Order No. and date: | B3: № 42-Buyruq, 15.01.2026
A4: Inventarizatsiya sanasi / Inventory date: | B4: 12.02.2026
A5: Eslatma / Note: USD kursini tegishli sana uchun kiriting (masalan: 12850).
A6: № / No. | B6: Tovar kodi / Item code | C6: Tovar nomi / Item description | D6: O'lchov birligi / Unit | E6: Hudud / Region | F6: Qabul qiluvchi tashkilot / Receiving institution | G6: Saqlash joyi / Location | H6: Mas'ul shaxs / Responsible person | I6: Hisob miqdori / Book quantity | J6: Haqiqiy miqdor / Actual quantity | K6: Ortiqcha / Surplus | L6: Kamomad / Shortage | M6: Birlik narxi / Unit price | N6: Valyuta / Currency | O6: USD kursi / USD exchange rate | P6: Hisob qiymati / Book value | Q6: Haqiqiy qiymat / Actual value | R6: Farq / Difference | S6: Holati / Condition | T6: Topshirish hujjati / Handover document | U6: Izoh / Remarks
A7: =IF(B7="","",ROW()-6) | B7: ITM-2026-001 | C7: Dell Latitude 5540 noutbuki / Laptop | D7: dona | E7: Toshkent shahri / Tashkent City | F7: Axborot texnologiyalari markazi | G7: 102-xona | H7: Karimov Alisher | I7: 15 | J7: 15 | K7: =IF(OR(I7="",J7=""),"",MAX(J7-I7,0)) | L7: =IF(OR(I7="",J7=""),"",MAX(I7-J7,0)) | M7: 14200000 | N7: UZS | O7: 12850 | P7: =IF(OR(I7="",M7=""),"",I7*M7) | Q7: =IF(OR(J7="",M7=""),"",J7*M7) | R7: =IF(OR(P7="",Q7=""),"",Q7-P7) | S7: Yaxshi | T7: TT-01/2026 | U7: Holati a'lo
A8: =IF(B8="","",ROW()-6) | B8: ITM-2026-002 | C8: HP LaserJet Pro MFP 4103 printer | D8: dona | E8: Samarqand viloyati / Samarkand Region | F8: Viloyat qishloq xo'jaligi boshqarmasi | G8: Bosh ombor | H8: Normurodov Ilhom | I8: 8 | J8: 7 | K8: =IF(OR(I8="",J8=""),"",MAX(J8-I8,0)) | L8: =IF(OR(I8="",J8=""),"",MAX(I8-J8,0)) | M8: 6500000 | N8: UZS | O8: 12850 | P8: =IF(OR(I8="",M8=""),"",I8*M8) | Q8: =IF(OR(J8="",M8=""),"",J8*M8) | R8: =IF(OR(P8="",Q8=""),"",Q8-P8) | S8: Yaxshi | T8: TT-02/2026 | U8: 1 dona texnik ko'rikda
A9: =IF(B9="","",ROW()-6) | B9: ITM-2026-003 | C9: Tuproq tahlili laboratoriya to'plami | D9: komplekt | E9: Farg'ona viloyati / Fergana Region | F9: Agrokimyo tahlil markazi | G9: Laboratoriya 3 | H9: Soliyev Bobur | I9: 5 | J9: 6 | K9: =IF(OR(I9="",J9=""),"",MAX(J9-I9,0)) | L9: =IF(OR(I9="",J9=""),"",MAX(I9-J9,0)) | M9: 2200 | N9: USD | O9: 12850 | P9: =IF(OR(I9="",M9=""),"",I9*M9) | Q9: =IF(OR(J9="",M9=""),"",J9*M9) | R9: =IF(OR(P9="",Q9=""),"",Q9-P9) | S9: Yangi | T9: TT-03/2026 | U9: 1 to'plam zaxiradan kirim qilingan
A10: =IF(B10="","",ROW()-6) | B10: ITM-2026-004 | C10: Garmin GPS navigatsiya uskunasi | D10: dona | E10: Buxoro viloyati / Bukhara Region | F10: Monitoring bo'limi | G10: 2-ombor | H10: Saidov Kamol | I10: 12 | J10: 12 | K10: =IF(OR(I10="",J10=""),"",MAX(J10-I10,0)) | L10: =IF(OR(I10="",J10=""),"",MAX(I10-J10,0)) | M10: 450 | N10: USD | O10: 12850 | P10: =IF(OR(I10="",M10=""),"",I10*M10) | Q10: =IF(OR(J10="",M10=""),"",J10*M10) | R10: =IF(OR(P10="",Q10=""),"",Q10-P10) | S10: Yaxshi | T10: TT-04/2026 | U10: Joyida tekshirildi
A11: =IF(B11="","",ROW()-6) | B11: ITM-2026-005 | C11: Ofis stoli va ergonomik kreslo | D11: komplekt | E11: Andijon viloyati / Andijan Region | F11: Agroinnovatsiya markazi | G11: Kabineta 14 | H11: Ergashev Mansur | I11: 20 | J11: 19 | K11: =IF(OR(I11="",J11=""),"",MAX(J11-I11,0)) | L11: =IF(OR(I11="",J11=""),"",MAX(I11-J11,0)) | M11: 3200000 | N11: UZS | O11: 12850 | P11: =IF(OR(I11="",M11=""),"",I11*M11) | Q11: =IF(OR(J11="",M11=""),"",J11*M11) | R11: =IF(OR(P11="",Q11=""),"",Q11-P11) | S11: Qoniqarli | T11: TT-05/2026 | U11: Ta'mir talab
A12: =IF(B12="","",ROW()-6) | K12: =IF(OR(I12="",J12=""),"",MAX(J12-I12,0)) | L12: =IF(OR(I12="",J12=""),"",MAX(I12-J12,0)) | P12: =IF(OR(I12="",M12=""),"",I12*M12) | Q12: =IF(OR(J12="",M12=""),"",J12*M12) | R12: =IF(OR(P12="",Q12=""),"",Q12-P12)
A13: =IF(B13="","",ROW()-6) | K13: =IF(OR(I13="",J13=""),"",MAX(J13-I13,0)) | L13: =IF(OR(I13="",J13=""),"",MAX(I13-J13,0)) | P13: =IF(OR(I13="",M13=""),"",I13*M13) | Q13: =IF(OR(J13="",M13=""),"",J13*M13) | R13: =IF(OR(P13="",Q13=""),"",Q13-P13)
A14: =IF(B14="","",ROW()-6) | K14: =IF(OR(I14="",J14=""),"",MAX(J14-I14,0)) | L14: =IF(OR(I14="",J14=""),"",MAX(I14-J14,0)) | P14: =IF(OR(I14="",M14=""),"",I14*M14) | Q14: =IF(OR(J14="",M14=""),"",J14*M14) | R14: =IF(OR(P14="",Q14=""),"",Q14-P14)
A15: =IF(B15="","",ROW()-6) | K15: =IF(OR(I15="",J15=""),"",MAX(J15-I15,0)) | L15: =IF(OR(I15="",J15=""),"",MAX(I15-J15,0)) | P15: =IF(OR(I15="",M15=""),"",I15*M15) | Q15: =IF(OR(J15="",M15=""),"",J15*M15) | R15: =IF(OR(P15="",Q15=""),"",Q15-P15)
A16: =IF(B16="","",ROW()-6) | K16: =IF(OR(I16="",J16=""),"",MAX(J16-I16,0)) | L16: =IF(OR(I16="",J16=""),"",MAX(I16-J16,0)) | P16: =IF(OR(I16="",M16=""),"",I16*M16) | Q16: =IF(OR(J16="",M16=""),"",J16*M16) | R16: =IF(OR(P16="",Q16=""),"",Q16-P16)
A17: =IF(B17="","",ROW()-6) | K17: =IF(OR(I17="",J17=""),"",MAX(J17-I17,0)) | L17: =IF(OR(I17="",J17=""),"",MAX(I17-J17,0)) | P17: =IF(OR(I17="",M17=""),"",I17*M17) | Q17: =IF(OR(J17="",M17=""),"",J17*M17) | R17: =IF(OR(P17="",Q17=""),"",Q17-P17)
A18: =IF(B18="","",ROW()-6) | K18: =IF(OR(I18="",J18=""),"",MAX(J18-I18,0)) | L18: =IF(OR(I18="",J18=""),"",MAX(I18-J18,0)) | P18: =IF(OR(I18="",M18=""),"",I18*M18) | Q18: =IF(OR(J18="",M18=""),"",J18*M18) | R18: =IF(OR(P18="",Q18=""),"",Q18-P18)
A19: =IF(B19="","",ROW()-6) | K19: =IF(OR(I19="",J19=""),"",MAX(J19-I19,0)) | L19: =IF(OR(I19="",J19=""),"",MAX(I19-J19,0)) | P19: =IF(OR(I19="",M19=""),"",I19*M19) | Q19: =IF(OR(J19="",M19=""),"",J19*M19) | R19: =IF(OR(P19="",Q19=""),"",Q19-P19)
A20: =IF(B20="","",ROW()-6) | K20: =IF(OR(I20="",J20=""),"",MAX(J20-I20,0)) | L20: =IF(OR(I20="",J20=""),"",MAX(I20-J20,0)) | P20: =IF(OR(I20="",M20=""),"",I20*M20) | Q20: =IF(OR(J20="",M20=""),"",J20*M20) | R20: =IF(OR(P20="",Q20=""),"",Q20-P20)
A21: =IF(B21="","",ROW()-6) | K21: =IF(OR(I21="",J21=""),"",MAX(J21-I21,0)) | L21: =IF(OR(I21="",J21=""),"",MAX(I21-J21,0)) | P21: =IF(OR(I21="",M21=""),"",I21*M21) | Q21: =IF(OR(J21="",M21=""),"",J21*M21) | R21: =IF(OR(P21="",Q21=""),"",Q21-P21)
A22: =IF(B22="","",ROW()-6) | K22: =IF(OR(I22="",J22=""),"",MAX(J22-I22,0)) | L22: =IF(OR(I22="",J22=""),"",MAX(I22-J22,0)) | P22: =IF(OR(I22="",M22=""),"",I22*M22) | Q22: =IF(OR(J22="",M22=""),"",J22*M22) | R22: =IF(OR(P22="",Q22=""),"",Q22-P22)
A23: =IF(B23="","",ROW()-6) | K23: =IF(OR(I23="",J23=""),"",MAX(J23-I23,0)) | L23: =IF(OR(I23="",J23=""),"",MAX(I23-J23,0)) | P23: =IF(OR(I23="",M23=""),"",I23*M23) | Q23: =IF(OR(J23="",M23=""),"",J23*M23) | R23: =IF(OR(P23="",Q23=""),"",Q23-P23)
... A506: =IF(B506="","",ROW()-6) | K506: =IF(OR(I506="",J506=""),"",MAX(J506-I506,0)) | L506: =IF(OR(I506="",J506=""),"",MAX(I506-J506,0)) | P506: =IF(OR(I506="",M506=""),"",I506*M506) | Q506: =IF(OR(J506="",M506=""),"",J506*M506) | R506: =IF(OR(P506="",Q506=""),"",Q506-P506)

Sheet Regional Summary
A1: Hududlar bo'yicha jamlanma / Regional Summary
A2: Hudud / Region | B2: Pozitsiyalar / Items | C2: Hisob miqdori / Book qty | D2: Haqiqiy miqdor / Actual qty | E2: Ortiqcha / Surplus | F2: Kamomad / Shortage | G2: UZS qiymati / UZS value | H2: USD qiymati / USD value
A3: Qoraqalpog'iston Respublikasi / Republic of Karakalpakstan | B3: =COUNTIF(Inventory!E$7:E$506,A3) | C3: =SUMIF(Inventory!E$7:E$506,A3,Inventory!I$7:I$506) | D3: =SUMIF(Inventory!E$7:E$506,A3,Inventory!J$7:J$506) | E3: =SUMIF(Inventory!E$7:E$506,A3,Inventory!K$7:K$506) | F3: =SUMIF(Inventory!E$7:E$506,A3,Inventory!L$7:L$506) | G3: =SUMIFS(Inventory!Q$7:Q$506,Inventory!E$7:E$506,A3,Inventory!N$7:N$506,"UZS") | H3: =SUMIFS(Inventory!Q$7:Q$506,Inventory!E$7:E$506,A3,Inventory!N$7:N$506,"USD")
A4: Andijon viloyati / Andijan Region | B4: =COUNTIF(Inventory!E$7:E$506,A4) | C4: =SUMIF(Inventory!E$7:E$506,A4,Inventory!I$7:I$506) | D4: =SUMIF(Inventory!E$7:E$506,A4,Inventory!J$7:J$506) | E4: =SUMIF(Inventory!E$7:E$506,A4,Inventory!K$7:K$506) | F4: =SUMIF(Inventory!E$7:E$506,A4,Inventory!L$7:L$506) | G4: =SUMIFS(Inventory!Q$7:Q$506,Inventory!E$7:E$506,A4,Inventory!N$7:N$506,"UZS") | H4: =SUMIFS(Inventory!Q$7:Q$506,Inventory!E$7:E$506,A4,Inventory!N$7:N$506,"USD")
A5: Buxoro viloyati / Bukhara Region | B5: =COUNTIF(Inventory!E$7:E$506,A5) | C5: =SUMIF(Inventory!E$7:E$506,A5,Inventory!I$7:I$506) | D5: =SUMIF(Inventory!E$7:E$506,A5,Inventory!J$7:J$506) | E5: =SUMIF(Inventory!E$7:E$506,A5,Inventory!K$7:K$506) | F5: =SUMIF(Inventory!E$7:E$506,A5,Inventory!L$7:L$506) | G5: =SUMIFS(Inventory!Q$7:Q$506,Inventory!E$7:E$506,A5,Inventory!N$7:N$506,"UZS") | H5: =SUMIFS(Inventory!Q$7:Q$506,Inventory!E$7:E$506,A5,Inventory!N$7:N$506,"USD")
A6: Jizzax viloyati / Jizzakh Region | B6: =COUNTIF(Inventory!E$7:E$506,A6) | C6: =SUMIF(Inventory!E$7:E$506,A6,Inventory!I$7:I$506) | D6: =SUMIF(Inventory!E$7:E$506,A6,Inventory!J$7:J$506) | E6: =SUMIF(Inventory!E$7:E$506,A6,Inventory!K$7:K$506) | F6: =SUMIF(Inventory!E$7:E$506,A6,Inventory!L$7:L$506) | G6: =SUMIFS(Inventory!Q$7:Q$506,Inventory!E$7:E$506,A6,Inventory!N$7:N$506,"UZS") | H6: =SUMIFS(Inventory!Q$7:Q$506,Inventory!E$7:E$506,A6,Inventory!N$7:N$506,"USD")
A7: Qashqadaryo viloyati / Kashkadarya Region | B7: =COUNTIF(Inventory!E$7:E$506,A7) | C7: =SUMIF(Inventory!E$7:E$506,A7,Inventory!I$7:I$506) | D7: =SUMIF(Inventory!E$7:E$506,A7,Inventory!J$7:J$506) | E7: =SUMIF(Inventory!E$7:E$506,A7,Inventory!K$7:K$506) | F7: =SUMIF(Inventory!E$7:E$506,A7,Inventory!L$7:L$506) | G7: =SUMIFS(Inventory!Q$7:Q$506,Inventory!E$7:E$506,A7,Inventory!N$7:N$506,"UZS") | H7: =SUMIFS(Inventory!Q$7:Q$506,Inventory!E$7:E$506,A7,Inventory!N$7:N$506,"USD")
A8: Navoiy viloyati / Navoi Region | B8: =COUNTIF(Inventory!E$7:E$506,A8) | C8: =SUMIF(Inventory!E$7:E$506,A8,Inventory!I$7:I$506) | D8: =SUMIF(Inventory!E$7:E$506,A8,Inventory!J$7:J$506) | E8: =SUMIF(Inventory!E$7:E$506,A8,Inventory!K$7:K$506) | F8: =SUMIF(Inventory!E$7:E$506,A8,Inventory!L$7:L$506) | G8: =SUMIFS(Inventory!Q$7:Q$506,Inventory!E$7:E$506,A8,Inventory!N$7:N$506,"UZS") | H8: =SUMIFS(Inventory!Q$7:Q$506,Inventory!E$7:E$506,A8,Inventory!N$7:N$506,"USD")
A9: Namangan viloyati / Namangan Region | B9: =COUNTIF(Inventory!E$7:E$506,A9) | C9: =SUMIF(Inventory!E$7:E$506,A9,Inventory!I$7:I$506) | D9: =SUMIF(Inventory!E$7:E$506,A9,Inventory!J$7:J$506) | E9: =SUMIF(Inventory!E$7:E$506,A9,Inventory!K$7:K$506) | F9: =SUMIF(Inventory!E$7:E$506,A9,Inventory!L$7:L$506) | G9: =SUMIFS(Inventory!Q$7:Q$506,Inventory!E$7:E$506,A9,Inventory!N$7:N$506,"UZS") | H9: =SUMIFS(Inventory!Q$7:Q$506,Inventory!E$7:E$506,A9,Inventory!N$7:N$506,"USD")
A10: Samarqand viloyati / Samarkand Region | B10: =COUNTIF(Inventory!E$7:E$506,A10) | C10: =SUMIF(Inventory!E$7:E$506,A10,Inventory!I$7:I$506) | D10: =SUMIF(Inventory!E$7:E$506,A10,Inventory!J$7:J$506) | E10: =SUMIF(Inventory!E$7:E$506,A10,Inventory!K$7:K$506) | F10: =SUMIF(Inventory!E$7:E$506,A10,Inventory!L$7:L$506) | G10: =SUMIFS(Inventory!Q$7:Q$506,Inventory!E$7:E$506,A10,Inventory!N$7:N$506,"UZS") | H10: =SUMIFS(Inventory!Q$7:Q$506,Inventory!E$7:E$506,A10,Inventory!N$7:N$506,"USD")
A11: Surxondaryo viloyati / Surkhandarya Region | B11: =COUNTIF(Inventory!E$7:E$506,A11) | C11: =SUMIF(Inventory!E$7:E$506,A11,Inventory!I$7:I$506) | D11: =SUMIF(Inventory!E$7:E$506,A11,Inventory!J$7:J$506) | E11: =SUMIF(Inventory!E$7:E$506,A11,Inventory!K$7:K$506) | F11: =SUMIF(Inventory!E$7:E$506,A11,Inventory!L$7:L$506) | G11: =SUMIFS(Inventory!Q$7:Q$506,Inventory!E$7:E$506,A11,Inventory!N$7:N$506,"UZS") | H11: =SUMIFS(Inventory!Q$7:Q$506,Inventory!E$7:E$506,A11,Inventory!N$7:N$506,"USD")
A12: Sirdaryo viloyati / Syrdarya Region | B12: =COUNTIF(Inventory!E$7:E$506,A12) | C12: =SUMIF(Inventory!E$7:E$506,A12,Inventory!I$7:I$506) | D12: =SUMIF(Inventory!E$7:E$506,A12,Inventory!J$7:J$506) | E12: =SUMIF(Inventory!E$7:E$506,A12,Inventory!K$7:K$506) | F12: =SUMIF(Inventory!E$7:E$506,A12,Inventory!L$7:L$506) | G12: =SUMIFS(Inventory!Q$7:Q$506,Inventory!E$7:E$506,A12,Inventory!N$7:N$506,"UZS") | H12: =SUMIFS(Inventory!Q$7:Q$506,Inventory!E$7:E$506,A12,Inventory!N$7:N$506,"USD")
A13: Toshkent viloyati / Tashkent Region | B13: =COUNTIF(Inventory!E$7:E$506,A13) | C13: =SUMIF(Inventory!E$7:E$506,A13,Inventory!I$7:I$506) | D13: =SUMIF(Inventory!E$7:E$506,A13,Inventory!J$7:J$506) | E13: =SUMIF(Inventory!E$7:E$506,A13,Inventory!K$7:K$506) | F13: =SUMIF(Inventory!E$7:E$506,A13,Inventory!L$7:L$506) | G13: =SUMIFS(Inventory!Q$7:Q$506,Inventory!E$7:E$506,A13,Inventory!N$7:N$506,"UZS") | H13: =SUMIFS(Inventory!Q$7:Q$506,Inventory!E$7:E$506,A13,Inventory!N$7:N$506,"USD")
A14: Farg'ona viloyati / Fergana Region | B14: =COUNTIF(Inventory!E$7:E$506,A14) | C14: =SUMIF(Inventory!E$7:E$506,A14,Inventory!I$7:I$506) | D14: =SUMIF(Inventory!E$7:E$506,A14,Inventory!J$7:J$506) | E14: =SUMIF(Inventory!E$7:E$506,A14,Inventory!K$7:K$506) | F14: =SUMIF(Inventory!E$7:E$506,A14,Inventory!L$7:L$506) | G14: =SUMIFS(Inventory!Q$7:Q$506,Inventory!E$7:E$506,A14,Inventory!N$7:N$506,"UZS") | H14: =SUMIFS(Inventory!Q$7:Q$506,Inventory!E$7:E$506,A14,Inventory!N$7:N$506,"USD")
... A16: Toshkent shahri / Tashkent City | B16: =COUNTIF(Inventory!E$7:E$506,A16) | C16: =SUMIF(Inventory!E$7:E$506,A16,Inventory!I$7:I$506) | D16: =SUMIF(Inventory!E$7:E$506,A16,Inventory!J$7:J$506) | E16: =SUMIF(Inventory!E$7:E$506,A16,Inventory!K$7:K$506) | F16: =SUMIF(Inventory!E$7:E$506,A16,Inventory!L$7:L$506) | G16: =SUMIFS(Inventory!Q$7:Q$506,Inventory!E$7:E$506,A16,Inventory!N$7:N$506,"UZS") | H16: =SUMIFS(Inventory!Q$7:Q$506,Inventory!E$7:E$506,A16,Inventory!N$7:N$506,"USD")

Sheet Discrepancies
A1: Tafovutlar qaydnomasi / Discrepancy Register
A2: Item code | B2: Item description | C2: Region | D2: Institution | E2: Book qty | F2: Actual qty | G2: Surplus | H2: Shortage | I2: Difference value | J2: Condition | K2: Explanation / Izoh | L2: Corrective action / Chora | M2: Responsible person
A3: =IF(OR(Inventory!K7>0,Inventory!L7>0),Inventory!B7,"") | B3: =IF(OR(Inventory!K7>0,Inventory!L7>0),Inventory!C7,"") | C3: =IF(B3="","",Inventory!E7) | D3: =IF(B3="","",Inventory!F7) | E3: =IF(B3="","",Inventory!I7) | F3: =IF(B3="","",Inventory!J7) | G3: =IF(B3="","",Inventory!K7) | H3: =IF(B3="","",Inventory!L7) | I3: =IF(B3="","",Inventory!R7) | J3: =IF(B3="","",Inventory!S7) | M3: =IF(B3="","",Inventory!H7)
A4: =IF(OR(Inventory!K8>0,Inventory!L8>0),Inventory!B8,"") | B4: =IF(OR(Inventory!K8>0,Inventory!L8>0),Inventory!C8,"") | C4: =IF(B4="","",Inventory!E8) | D4: =IF(B4="","",Inventory!F8) | E4: =IF(B4="","",Inventory!I8) | F4: =IF(B4="","",Inventory!J8) | G4: =IF(B4="","",Inventory!K8) | H4: =IF(B4="","",Inventory!L8) | I4: =IF(B4="","",Inventory!R8) | J4: =IF(B4="","",Inventory!S8) | M4: =IF(B4="","",Inventory!H8)
A5: =IF(OR(Inventory!K9>0,Inventory!L9>0),Inventory!B9,"") | B5: =IF(OR(Inventory!K9>0,Inventory!L9>0),Inventory!C9,"") | C5: =IF(B5="","",Inventory!E9) | D5: =IF(B5="","",Inventory!F9) | E5: =IF(B5="","",Inventory!I9) | F5: =IF(B5="","",Inventory!J9) | G5: =IF(B5="","",Inventory!K9) | H5: =IF(B5="","",Inventory!L9) | I5: =IF(B5="","",Inventory!R9) | J5: =IF(B5="","",Inventory!S9) | M5: =IF(B5="","",Inventory!H9)
A6: =IF(OR(Inventory!K10>0,Inventory!L10>0),Inventory!B10,"") | B6: =IF(OR(Inventory!K10>0,Inventory!L10>0),Inventory!C10,"") | C6: =IF(B6="","",Inventory!E10) | D6: =IF(B6="","",Inventory!F10) | E6: =IF(B6="","",Inventory!I10) | F6: =IF(B6="","",Inventory!J10) | G6: =IF(B6="","",Inventory!K10) | H6: =IF(B6="","",Inventory!L10) | I6: =IF(B6="","",Inventory!R10) | J6: =IF(B6="","",Inventory!S10) | M6: =IF(B6="","",Inventory!H10)
A7: =IF(OR(Inventory!K11>0,Inventory!L11>0),Inventory!B11,"") | B7: =IF(OR(Inventory!K11>0,Inventory!L11>0),Inventory!C11,"") | C7: =IF(B7="","",Inventory!E11) | D7: =IF(B7="","",Inventory!F11) | E7: =IF(B7="","",Inventory!I11) | F7: =IF(B7="","",Inventory!J11) | G7: =IF(B7="","",Inventory!K11) | H7: =IF(B7="","",Inventory!L11) | I7: =IF(B7="","",Inventory!R11) | J7: =IF(B7="","",Inventory!S11) | M7: =IF(B7="","",Inventory!H11)
A8: =IF(OR(Inventory!K12>0,Inventory!L12>0),Inventory!B12,"") | B8: =IF(OR(Inventory!K12>0,Inventory!L12>0),Inventory!C12,"") | C8: =IF(B8="","",Inventory!E12) | D8: =IF(B8="","",Inventory!F12) | E8: =IF(B8="","",Inventory!I12) | F8: =IF(B8="","",Inventory!J12) | G8: =IF(B8="","",Inventory!K12) | H8: =IF(B8="","",Inventory!L12) | I8: =IF(B8="","",Inventory!R12) | J8: =IF(B8="","",Inventory!S12) | M8: =IF(B8="","",Inventory!H12)
A9: =IF(OR(Inventory!K13>0,Inventory!L13>0),Inventory!B13,"") | B9: =IF(OR(Inventory!K13>0,Inventory!L13>0),Inventory!C13,"") | C9: =IF(B9="","",Inventory!E13) | D9: =IF(B9="","",Inventory!F13) | E9: =IF(B9="","",Inventory!I13) | F9: =IF(B9="","",Inventory!J13) | G9: =IF(B9="","",Inventory!K13) | H9: =IF(B9="","",Inventory!L13) | I9: =IF(B9="","",Inventory!R13) | J9: =IF(B9="","",Inventory!S13) | M9: =IF(B9="","",Inventory!H13)
A10: =IF(OR(Inventory!K14>0,Inventory!L14>0),Inventory!B14,"") | B10: =IF(OR(Inventory!K14>0,Inventory!L14>0),Inventory!C14,"") | C10: =IF(B10="","",Inventory!E14) | D10: =IF(B10="","",Inventory!F14) | E10: =IF(B10="","",Inventory!I14) | F10: =IF(B10="","",Inventory!J14) | G10: =IF(B10="","",Inventory!K14) | H10: =IF(B10="","",Inventory!L14) | I10: =IF(B10="","",Inventory!R14) | J10: =IF(B10="","",Inventory!S14) | M10: =IF(B10="","",Inventory!H14)
A11: =IF(OR(Inventory!K15>0,Inventory!L15>0),Inventory!B15,"") | B11: =IF(OR(Inventory!K15>0,Inventory!L15>0),Inventory!C15,"") | C11: =IF(B11="","",Inventory!E15) | D11: =IF(B11="","",Inventory!F15) | E11: =IF(B11="","",Inventory!I15) | F11: =IF(B11="","",Inventory!J15) | G11: =IF(B11="","",Inventory!K15) | H11: =IF(B11="","",Inventory!L15) | I11: =IF(B11="","",Inventory!R15) | J11: =IF(B11="","",Inventory!S15) | M11: =IF(B11="","",Inventory!H15)
A12: =IF(OR(Inventory!K16>0,Inventory!L16>0),Inventory!B16,"") | B12: =IF(OR(Inventory!K16>0,Inventory!L16>0),Inventory!C16,"") | C12: =IF(B12="","",Inventory!E16) | D12: =IF(B12="","",Inventory!F16) | E12: =IF(B12="","",Inventory!I16) | F12: =IF(B12="","",Inventory!J16) | G12: =IF(B12="","",Inventory!K16) | H12: =IF(B12="","",Inventory!L16) | I12: =IF(B12="","",Inventory!R16) | J12: =IF(B12="","",Inventory!S16) | M12: =IF(B12="","",Inventory!H16)
A13: =IF(OR(Inventory!K17>0,Inventory!L17>0),Inventory!B17,"") | B13: =IF(OR(Inventory!K17>0,Inventory!L17>0),Inventory!C17,"") | C13: =IF(B13="","",Inventory!E17) | D13: =IF(B13="","",Inventory!F17) | E13: =IF(B13="","",Inventory!I17) | F13: =IF(B13="","",Inventory!J17) | G13: =IF(B13="","",Inventory!K17) | H13: =IF(B13="","",Inventory!L17) | I13: =IF(B13="","",Inventory!R17) | J13: =IF(B13="","",Inventory!S17) | M13: =IF(B13="","",Inventory!H17)
A14: =IF(OR(Inventory!K18>0,Inventory!L18>0),Inventory!B18,"") | B14: =IF(OR(Inventory!K18>0,Inventory!L18>0),Inventory!C18,"") | C14: =IF(B14="","",Inventory!E18) | D14: =IF(B14="","",Inventory!F18) | E14: =IF(B14="","",Inventory!I18) | F14: =IF(B14="","",Inventory!J18) | G14: =IF(B14="","",Inventory!K18) | H14: =IF(B14="","",Inventory!L18) | I14: =IF(B14="","",Inventory!R18) | J14: =IF(B14="","",Inventory!S18) | M14: =IF(B14="","",Inventory!H18)
... A502: =IF(OR(Inventory!K506>0,Inventory!L506>0),Inventory!B506,"") | B502: =IF(OR(Inventory!K506>0,Inventory!L506>0),Inventory!C506,"") | C502: =IF(B502="","",Inventory!E506) | D502: =IF(B502="","",Inventory!F506) | E502: =IF(B502="","",Inventory!I506) | F502: =IF(B502="","",Inventory!J506) | G502: =IF(B502="","",Inventory!K506) | H502: =IF(B502="","",Inventory!L506) | I502: =IF(B502="","",Inventory!R506) | J502: =IF(B502="","",Inventory!S506) | M502: =IF(B502="","",Inventory!H506)

Sheet Handover
A1: Topshirish-qabul qilish reyestri / Handover Register
A2: Date / Sana | B2: Document No. / Hujjat № | C2: Item code / Tovar kodi | D2: Item description / Tovar nomi | E2: Quantity / Miqdor | F2: Unit / Birlik | G2: Region / Hudud | H2: Receiving institution / Qabul qiluvchi | I2: Recipient name / Qabul qiluvchi vakili | J2: Transferor / Topshiruvchi | K2: Condition / Holati | L2: Supporting document / Asos hujjati | M2: Signatures / Imzolar | N2: Remarks / Izoh

Sheet Committee
A1: Inventarizatsiya komissiyasi / Inventory Committee
A2: Loyiha / Project | B2: Qishloq xo'jaligini modernizatsiya qilish loyihasi / Agricultural Modernization Project
A3: Tashkilot / Organization | B3: O'zbekiston Respublikasi Qishloq xo'jaligi vazirligi huzuridagi Loyiha boshqaruvi
A4: Buyruq raqami / Order No. | B4: № 42-Buyruq
A5: Boshlanish sanasi / Start date | B5: 01.02.2026
A6: Tugash sanasi / End date | B6: 12.02.2026
A8: Lavozim / Role | B8: F.I.Sh. / Full name | C8: Imzo / Signature | D8: Sana / Date
A9: Komissiya raisi / Chairperson | B9: Rustamov Diyor Bahodirovich | D9: 12.02.2026
A10: Komissiya a'zosi / Committee member | B10: Xoliqova Nargiza Anvarovna | D10: 12.02.2026
A11: Komissiya a'zosi / Committee member | B11: Tursunov Jamshid Erkinovich | D11: 12.02.2026
A12: Buxgalter / Accountant | B12: Mirzayeva Lola Shavkatovna | D12: 12.02.2026
A13: Moddiy javobgar shaxs / Responsible custodian | B13: Karimov Alisher Zokirovich | D13: 12.02.2026
A15: Xulosa / Conclusion | B15: Inventarizatsiya natijasida loyiha doirasida xarid qilingan asosiy vositalar va tovar-moddiy boyliklar ko'zdan kechirildi hamda qabul qiluvchi tashkilotlarga topshirishga tayyorlandi.
A16: Aniqlangan tafovutlar / Discrepancies identified | B16: Jami 2 ta pozitsiya bo'yicha kichik tafovutlar aniqlandi (1 dona printer ta'mirda, 1 komplekt laboratoriya jihozi ortiqcha zaxira).
A17: Tavsiya etilgan choralar / Recommended actions | B17: Ortiqcha uskunani belgilangan tartibda kirim qilish, ta'mirdagi uskunani servis markazidan qabul qilib olgach topshirish tavsiya etiladi.
A18: Rahbar qarori / Management decision | B18: Komissiya xulosasi tasdiqlansin va topshirish-qabul qilish dalolatnomalari rasmiylashtirilsin.
